Workbook

Sheet 요약
A1: 연기금 시그널 로직 검증
A2: 추천 로직은 신호가 주 2.5건에서 3.2건으로 늘고, 20일 초과수익은 현재 로직과 비슷한 수준을 유지한다 (2024-12 ~ 2026-09, 440거래일).
A4: 입력값 (파란 글씨)
A5: 분석 시작일 | B5: 2024-12-03
A6: 분석 종료일 | B6: 2026-09-23
A7: 분석 기간 거래일 수 | B7: 440
A8: 분석 기간 주 수 | B8: =B7/5
A10: 로직 | B10: 신호수 | C10: 주당 신호수 | D10: 5일 초과수익 중앙값 | E10: 20일 초과수익 평균 | F10: 20일 초과수익 중앙값 | G10: 20일 승률 (초과수익>0)
A11: 현재 로직 | B11: =INDEX('로직 비교'!C:C,MATCH($B$15,'로직 비교'!B:B,0)) | C11: =INDEX('로직 비교'!D:D,MATCH($B$15,'로직 비교'!B:B,0)) | D11: =INDEX('로직 비교'!E:E,MATCH($B$15,'로직 비교'!B:B,0))/100 | E11: =INDEX('로직 비교'!F:F,MATCH($B$15,'로직 비교'!B:B,0))/100 | F11: =INDEX('로직 비교'!G:G,MATCH($B$15,'로직 비교'!B:B,0))/100 | G11: =INDEX('로직 비교'!H:H,MATCH($B$15,'로직 비교'!B:B,0))/100
A12: 추천 로직 | B12: =COUNTA('추천 로직 시그널'!A2:A2000) | C12: =IF($B$8=0,0,B12/$B$8) | D12: =MEDIAN('추천 로직 시그널'!I2:I2000) | E12: =AVERAGE('추천 로직 시그널'!J2:J2000) | F12: =MEDIAN('추천 로직 시그널'!J2:J2000) | G12: =IF(COUNT('추천 로직 시그널'!J2:J2000)=0,0,COUNTIF('추천 로직 시그널'!J2:J2000,">0")/COUNT('추천 로직 시그널'!J2:J2000))
A14: 로직 정의
A15: 현재 로직 | B15: 현재: 3억↑ & 20일 매일 |순매수|≤0.3억
A16: 추천 로직 | B16: 추천: 1~2일 누적 3억↑ & (5억↑ 또는 거래대금 5%↑) & 직전 20일 매일 |순매수|≤0.3억
A18: 초과수익: 신호 다음날 시가에 사서 N거래일 뒤 종가까지의 수익률에서, 같은 날 같은 시장·같은 시총 5분위 종목들의 중앙값을 뺀 값

Sheet 추천 로직 시그널
A1: 신호일 | B1: 종목코드 | C1: 종목명 | D1: 시장 | E1: 연기금 순매수(억, 1~2일 누적) | F1: 20일 평균 거래대금(억) | G1: 거래대금 대비 순매수 | H1: 직전 20일 최대 |순매수|(억) | I1: 5일 초과수익 | J1: 20일 초과수익
A2: 2026-09-17 | B2: 000155 | C2: 두산우 | D2: 코스피 | E2: 3.64 | F2: 27.78 | G2: =IF(F2=0,0,E2/F2) | H2: 0.27
A3: 2026-09-14 | B3: 217590 | C3: 티엠씨 | D3: 코스피 | E3: 4.98 | F3: 56.78 | G3: =IF(F3=0,0,E3/F3) | H3: 0 | I3: 0.1496
A4: 2026-09-02 | B4: 092870 | C4: 엑시콘 | D4: 코스닥 | E4: 18.9 | F4: 62.6 | G4: =IF(F4=0,0,E4/F4) | H4: 0.02 | I4: -0.1462
A5: 2026-08-31 | B5: 183190 | C5: 아세아시멘트 | D5: 코스피 | E5: 5.9 | F5: 3.82 | G5: =IF(F5=0,0,E5/F5) | H5: 0.18 | I5: -0.0238
A6: 2026-08-28 | B6: 416180 | C6: 신성에스티 | D6: 코스닥 | E6: 4.35 | F6: 4.76 | G6: =IF(F6=0,0,E6/F6) | H6: 0 | I6: -0.003
A7: 2026-08-28 | B7: 025860 | C7: 남해화학 | D7: 코스피 | E7: 11.4 | F7: 43.64 | G7: =IF(F7=0,0,E7/F7) | H7: 0.17 | I7: -0.0108
A8: 2026-08-28 | B8: 294570 | C8: 쿠콘 | D8: 코스닥 | E8: 14.76 | F8: 25.47 | G8: =IF(F8=0,0,E8/F8) | H8: 0 | I8: 0.0304
A9: 2026-08-24 | B9: 445680 | C9: 큐리옥스바이오시스템즈 | D9: 코스닥 | E9: 5.79 | F9: 49.24 | G9: =IF(F9=0,0,E9/F9) | H9: 0.12 | I9: -0.0689 | J9: -0.1345
A10: 2026-08-19 | B10: 061970 | C10: LB세미콘 | D10: 코스닥 | E10: 3.69 | F10: 33.97 | G10: =IF(F10=0,0,E10/F10) | H10: 0.22 | I10: -0.2478 | J10: -0.2896
A11: 2026-08-18 | B11: 058970 | C11: 엠로 | D11: 코스닥 | E11: 4.8 | F11: 4.38 | G11: =IF(F11=0,0,E11/F11) | H11: 0.01 | I11: -0.0415 | J11: -0.0098
A12: 2026-08-12 | B12: 003350 | C12: 한국화장품제조 | D12: 코스피 | E12: 3.05 | F12: 34.86 | G12: =IF(F12=0,0,E12/F12) | H12: 0.29 | I12: -0.0865 | J12: 0.1216
A13: 2026-08-11 | B13: 328130 | C13: 루닛 | D13: 코스닥 | E13: 4.06 | F13: 30.5 | G13: =IF(F13=0,0,E13/F13) | H13: 0.16 | I13: -0.133 | J13: -0.1511
A14: 2026-08-11 | B14: 029460 | C14: 케이씨 | D14: 코스피 | E14: 3.46 | F14: 11.05 | G14: =IF(F14=0,0,E14/F14) | H14: 0.28 | I14: 0.043 | J14: 0.1377
A15: 2026-08-07 | B15: 441270 | C15: 파인엠텍 | D15: 코스닥 | E15: 10.18 | F15: 16.47 | G15: =IF(F15=0,0,E15/F15) | H15: 0.2 | I15: -0.0716 | J15: 0.0742
A16: 2026-07-30 | B16: 213500 | C16: 한솔제지 | D16: 코스피 | E16: 3.18 | F16: 3.72 | G16: =IF(F16=0,0,E16/F16) | H16: 0.02 | I16: -0.0116 | J16: -0.0716
A17: 2026-07-15 | B17: 476060 | C17: 온코닉테라퓨틱스 | D17: 코스닥 | E17: 11.44 | F17: 33.59 | G17: =IF(F17=0,0,E17/F17) | H17: 0.08 | I17: -0.0959 | J17: 0.1185
A18: 2026-07-10 | B18: 036800 | C18: 나이스정보통신 | D18: 코스닥 | E18: 3.2 | F18: 6.39 | G18: =IF(F18=0,0,E18/F18) | H18: 0 | I18: 0.0444 | J18: -0.1012
A19: 2026-07-08 | B19: 473980 | C19: 노머스 | D19: 코스닥 | E19: 3.37 | F19: 8.82 | G19: =IF(F19=0,0,E19/F19) | H19: 0 | I19: -0.0564 | J19: -0.0692
A20: 2026-06-24 | B20: 03473K | C20: SK우 | D20: 코스피 | E20: 3.44 | F20: 19.59 | G20: =IF(F20=0,0,E20/F20) | H20: 0.02 | I20: -0.0238 | J20: -0.2205
... A126: 2025-11-27 | B126: 001530 | C126: DI동일 | D126: 코스피 | E126: 3.71 | F126: 21.11 | G126: =IF(F126=0,0,E126/F126) | H126: 0.22 | I126: 0.0809 | J126: 0.1132
A127: 2025-11-27 | B127: 102280 | C127: 쌍방울 | D127: 코스피 | E127: 14.35 | F127: 14.42 | G127: =IF(F127=0,0,E127/F127) | H127: 0.13
A128: 2025-11-27 | B128: 309710 | C128: 아이티켐 | D128: 코스닥 | E128: 3.73 | F128: 55.47 | G128: =IF(F128=0,0,E128/F128) | H128: 0 | I128: 0.2546 | J128: -0.0646
A129: 2025-11-20 | B129: 466100 | C129: 클로봇 | D129: 코스닥 | E129: 6.91 | F129: 1133.52 | G129: =IF(F129=0,0,E129/F129) | H129: 0 | I129: 0.0608 | J129: 0.7698
A130: 2025-11-20 | B130: 211050 | C130: 인카금융서비스 | D130: 코스닥 | E130: 7.08 | F130: 15.48 | G130: =IF(F130=0,0,E130/F130) | H130: 0 | I130: 0.1147 | J130: -0.0078
A131: 2025-11-19 | B131: 474650 | C131: 링크솔루션 | D131: 코스닥 | E131: 9.04 | F131: 115.17 | G131: =IF(F131=0,0,E131/F131) | H131: 0 | I131: -0.0504 | J131: 0.5663
A132: 2025-11-17 | B132: 424870 | C132: 이뮨온시아 | D132: 코스닥 | E132: 8.82 | F132: 239.05 | G132: =IF(F132=0,0,E132/F132) | H132: 0 | I132: 0.105 | J132: 1.2066
A133: 2025-11-14 | B133: 039830 | C133: 오로라 | D133: 코스닥 | E133: 7.32 | F133: 39.39 | G133: =IF(F133=0,0,E133/F133) | H133: 0 | I133: -0.1149 | J133: -0.2025
A134: 2025-11-07 | B134: 380550 | C134: 뉴로핏 | D134: 코스닥 | E134: 5.67 | F134: 913.97 | G134: =IF(F134=0,0,E134/F134) | H134: 0 | I134: -0.1039 | J134: 0.2369
A135: 2025-11-06 | B135: 055490 | C135: 테이팩스 | D135: 코스피 | E135: 3.08 | F135: 5.21 | G135: =IF(F135=0,0,E135/F135) | H135: 0.05 | I135: -0.1116 | J135: -0.1285
A136: 2025-11-04 | B136: 389470 | C136: 인벤티지랩 | D136: 코스닥 | E136: 7.93 | F136: 182.86 | G136: =IF(F136=0,0,E136/F136) | H136: 0 | I136: 0.0303 | J136: 0.279
A137: 2025-11-04 | B137: 389650 | C137: 넥스트바이오메디컬 | D137: 코스닥 | E137: 3.4 | F137: 47.54 | G137: =IF(F137=0,0,E137/F137) | H137: 0.05 | I137: -0.0391 | J137: 0.507
A138: 2025-11-03 | B138: 304100 | C138: 솔트룩스 | D138: 코스닥 | E138: 10.41 | F138: 96.5 | G138: =IF(F138=0,0,E138/F138) | H138: 0.08 | I138: -0.0642 | J138: -0.0581
A139: 2025-10-30 | B139: 389020 | C139: 자람테크놀로지 | D139: 코스닥 | E139: 6.01 | F139: 41.13 | G139: =IF(F139=0,0,E139/F139) | H139: 0 | I139: -0.1095 | J139: -0.2083
... A278: 2024-12-03 | B278: 424960 | C278: 스마트레이더시스템 | D278: 코스닥 | E278: 8.35 | F278: 47.48 | G278: =IF(F278=0,0,E278/F278) | H278: 0 | I278: -0.096 | J278: 0.3557

Sheet 로직 비교
A1: 그룹 | B1: 로직 | C1: 신호수 | D1: 주당 | E1: 5일 초과 중앙% | F1: 20일 초과 평균% | G1: 20일 초과 중앙% | H1: 20일 승률% | I1: 20일 평균 95%구간 | J1: 과거 1년 신호수 | K1: 과거 1년 20일 중앙% | L1: 최근 1년 신호수 | M1: 최근 1년 20일 중앙%
A2: 0 기준 | B2: 현재: 3억↑ & 20일 매일 |순매수|≤0.3억 | C2: 222 | D2: 2.52 | E2: 0.13 | F2: 8.85 | G2: 2.54 | H2: 56 | I2: 4.92 ~ 13.17 | J2: 98 | K2: 0.42 | L2: 124 | M2: 4.87
A3: 0 기준 | B3: 대조군: 1억↑ & 거래대금5%↑ (침묵조건 없음) | C3: 7808 | D3: 88.73 | E3: -0.15 | F3: 3.04 | G3: 0.23 | H3: 51 | I3: 2.61 ~ 3.53 | J3: 3589 | K3: 0.19 | L3: 4219 | M3: 0.3
A4: 1 급증 크기 | B4: 1억↑ (침묵 현재와 동일) | C4: 709 | D4: 8.06 | E4: 0.02 | F4: 4.95 | G4: 0.56 | H4: 52 | I4: 3.13 ~ 6.81 | J4: 323 | K4: 0.33 | L4: 386 | M4: 0.7
A5: 1 급증 크기 | B5: 1억↑ & 거래대금 2%↑ | C5: 625 | D5: 7.1 | E5: 0.11 | F5: 5.38 | G5: 0.77 | H5: 52 | I5: 3.5 ~ 7.24 | J5: 284 | K5: 0.42 | L5: 341 | M5: 0.99
A6: 1 급증 크기 | B6: 1억↑ & 거래대금 5%↑ | C6: 514 | D6: 5.84 | E6: 0 | F6: 5.48 | G6: 0.86 | H6: 53 | I6: 3.43 ~ 7.73 | J6: 235 | K6: 0.96 | L6: 279 | M6: 0.74
A7: 1 급증 크기 | B7: 1억↑ & 거래대금 10%↑ | C7: 408 | D7: 4.64 | E7: 0.09 | F7: 5.79 | G7: 0.96 | H7: 54 | I7: 3.33 ~ 8.31 | J7: 189 | K7: 1.39 | L7: 219 | M7: 0.74
A8: 1 급증 크기 | B8: 1억↑ & 시총 1bp↑ | C8: 704 | D8: 8 | E8: 0.06 | F8: 5.09 | G8: 0.63 | H8: 52 | I8: 3.36 ~ 6.9 | J8: 323 | K8: 0.33 | L8: 381 | M8: 0.77
A9: 1 급증 크기 | B9: 1억↑ & 시총 3bp↑ | C9: 637 | D9: 7.24 | E9: 0 | F9: 5.35 | G9: 0.51 | H9: 52 | I9: 3.47 ~ 7.34 | J9: 302 | K9: 0.22 | L9: 335 | M9: 0.94
A10: 2 침묵 정의 | B10: 1억↑ & 거래대금5%↑ & 급증배수 10배↑ | C10: 2244 | D10: 25.5 | E10: -0.37 | F10: 3.64 | G10: 0.19 | H10: 51 | I10: 2.77 ~ 4.55 | J10: 1014 | K10: 0.38 | L10: 1230 | M10: 0.1
A11: 2 침묵 정의 | B11: 1억↑ & 거래대금5%↑ & 급증배수 20배↑ | C11: 1257 | D11: 14.28 | E11: -0.36 | F11: 4.69 | G11: 0.78 | H11: 52 | I11: 3.38 ~ 5.97 | J11: 571 | K11: 0.86 | L11: 686 | M11: 0.69
A12: 2 침묵 정의 | B12: 1억↑ & 거래대금5%↑ & 급증배수 50배↑ | C12: 700 | D12: 7.95 | E12: -0.73 | F12: 5.36 | G12: 0.9 | H12: 53 | I12: 3.61 ~ 7.21 | J12: 321 | K12: 1.27 | L12: 379 | M12: 0.74
A13: 2 침묵 정의 | B13: 1억↑ & 거래대금5%↑ & 0.3억 초과일 2일 이하 | C13: 1194 | D13: 13.57 | E13: -0.52 | F13: 4.21 | G13: 0.3 | H13: 51 | I13: 2.91 ~ 5.58 | J13: 542 | K13: 0.3 | L13: 652 | M13: 0.29
... A31: 7 추천 | B31: 추천: 1~2일 누적 3억↑ & (5억↑ 또는 거래대금 5%↑) & 직전 20일 매일 |순매수|≤0.3억 | C31: 277 | D31: 3.15 | E31: -0.71 | F31: 7.89 | G31: 2.49 | H31: 55 | I31: 4.68 ~ 11.66 | J31: 125 | K31: 1.27 | L31: 152 | M31: 4.17

Sheet Data Sources
A1: Written to | B1: Source | C1: Object | D1: Obtained via | E1: Query or request | F1: Parameters | G1: Run at | H1: Requested by | I1: Row count | J1: Changes after retrieval | K1: Notes
A2: '추천 로직 시그널'!A1:J278 | B2: KRX 정보데이터시스템 | C2: MDCSTAT02401 (투자자별 순매수상위종목, 연기금), MDCSTAT01501 (전종목 시세) | D2: GitHub Actions research-archive -> research/evaluate.py | E2: 연기금 로직 개선안 검증 | F2: 기간 20241203~20260923, 코스피·코스닥 | G2: 2026-09-26 11:07 | H2: 사용자 | I2: 277 | J2: 추천 로직 조건으로 필터, 20거래일 재신호 제외, 수익률 계산
A3: '로직 비교'!A1:M31 | B3: research/evaluate.py | C3: research/results/variants.csv | D3: Run by Claude | E3: 연기금 로직 개선안 검증 | F3: 기간 20241203~20260923 | G3: 2026-09-26 11:07 | H3: 사용자 | I3: 30 | J3: 없음
